{
    "accuracy": 0.9047619047619048,
    "f1": 0.878968253968254,
    "confusion_matrix": "[[7,0,0,0,0,0],\n [0,4,0,0,0,0],\n [0,0,5,0,0,0],\n [1,0,0,0,0,0],\n [0,0,0,0,2,0],\n [1,0,0,0,0,1]]"
}